Dataset,Value
Science Training,0.5287662147266313
Cost Training,32984.645159606174
Science Testing,0.5287662147266313
Cost Testing,32764.976531264176
